Process_ID,ID,Timestamp,Voltage,Current,Power,Energy,Frequency,PF
station01,1,2024-09-17 21:58:25,234.0,1.11,206.2,0.904,50.0,0.79
station01,2,2024-09-17 21:58:40,234.0,1.01,178.4,0.904,50.0,0.75
station01,3,2024-09-17 21:58:55,233.8,1.16,218.9,0.905,50.0,0.81
station01,4,2024-09-17 21:59:10,233.7,0.91,144.6,0.906,49.9,0.68
station01,5,2024-09-17 21:59:25,233.6,1.01,173.7,0.906,49.9,0.74
station01,6,2024-09-17 21:59:40,233.6,0.91,144.3,0.907,49.9,0.68
station01,7,2024-09-17 21:59:55,233.3,0.97,159.7,0.908,49.9,0.71
station01,8,2024-09-17 22:00:10,233.6,0.92,147.7,0.908,49.8,0.69
station01,9,2024-09-17 22:00:25,233.8,1.06,187.9,0.909,49.8,0.76
station01,10,2024-09-17 22:00:40,233.9,0.97,161.1,0.91,49.8,0.71
station01,11,2024-09-17 22:00:56,233.9,1.03,182.2,0.911,49.8,0.76
station01,12,2024-09-17 22:01:11,233.9,0.92,149.1,0.911,49.8,0.69
station01,13,2024-09-17 22:01:26,233.9,0.94,153.0,0.912,49.9,0.7
station01,14,2024-09-17 22:01:41,234.1,0.91,147.6,0.913,49.9,0.69
station01,15,2024-09-17 22:01:56,234.1,1.02,179.5,0.913,49.9,0.75
station01,16,2024-09-17 22:02:11,233.9,0.95,159.4,0.914,49.8,0.72
station01,17,2024-09-17 22:02:26,233.7,0.96,159.7,0.915,49.8,0.71
station01,18,2024-09-17 22:02:41,233.7,0.98,166.8,0.916,49.8,0.73
station01,19,2024-09-17 22:02:56,233.5,1.13,212.5,0.916,49.9,0.8
station01,20,2024-09-17 22:03:11,233.5,0.91,145.1,0.917,49.8,0.68
station01,21,2024-09-17 22:03:26,233.4,0.92,146.5,0.918,49.8,0.68
station01,22,2024-09-17 22:03:41,233.5,0.98,167.4,0.918,49.9,0.73
station01,23,2024-09-17 22:03:56,233.5,1.0,169.8,0.919,49.9,0.73
station01,24,2024-09-17 22:04:12,233.6,0.92,147.4,0.92,49.9,0.69
station01,25,2024-09-17 22:04:27,233.4,0.92,146.4,0.92,49.9,0.68
station01,26,2024-09-17 22:04:42,233.2,1.06,192.0,0.921,49.8,0.78
station01,27,2024-09-17 22:04:57,233.1,1.13,209.0,0.922,49.8,0.79
station01,28,2024-09-17 22:05:12,233.2,0.91,145.0,0.922,49.8,0.68
station01,29,2024-09-17 22:05:27,233.1,0.96,159.3,0.923,49.8,0.71
station01,30,2024-09-17 22:05:42,233.0,1.02,176.9,0.924,49.8,0.75
station01,31,2024-09-17 22:05:57,233.0,0.92,147.0,0.925,49.8,0.69
station01,32,2024-09-17 22:06:12,233.0,0.93,150.7,0.925,49.8,0.7
station01,33,2024-09-17 22:06:27,233.1,1.0,171.1,0.926,49.8,0.73
station01,34,2024-09-17 22:06:42,233.1,1.1,200.4,0.927,49.8,0.78
station01,35,2024-09-17 22:06:57,233.2,1.03,177.4,0.927,49.9,0.74
station01,36,2024-09-17 22:07:13,233.3,0.96,160.6,0.928,49.9,0.72
station01,37,2024-09-17 22:07:28,233.3,0.92,146.6,0.929,49.9,0.69
station01,38,2024-09-17 22:07:43,233.2,0.94,156.6,0.93,49.9,0.71
station01,39,2024-09-17 22:07:58,233.3,0.91,144.9,0.93,49.8,0.68
station01,40,2024-09-17 22:08:13,233.2,1.0,172.8,0.931,49.8,0.74
station01,41,2024-09-17 22:08:28,233.1,0.93,150.1,0.932,49.8,0.69
station01,42,2024-09-17 22:08:43,232.6,1.03,181.0,0.932,49.8,0.76
station01,43,2024-09-17 22:08:58,232.7,0.95,157.7,0.933,49.8,0.71
station01,44,2024-09-17 22:09:13,232.7,1.07,193.3,0.934,49.8,0.78
station01,45,2024-09-17 22:09:28,232.6,0.91,145.8,0.934,49.8,0.69
station01,46,2024-09-17 22:09:43,232.5,1.01,174.9,0.935,49.8,0.74
station01,47,2024-09-17 22:09:58,232.7,0.95,154.2,0.936,49.9,0.7
station01,48,2024-09-17 22:10:13,232.5,1.02,177.6,0.936,49.9,0.75
station01,49,2024-09-17 22:10:29,232.7,0.91,145.5,0.937,49.9,0.69
station01,50,2024-09-17 22:10:44,232.7,1.1,200.5,0.938,49.9,0.79
station01,51,2024-09-17 22:10:59,232.7,1.07,190.5,0.939,49.9,0.76
station01,52,2024-09-17 22:11:14,232.8,0.93,151.2,0.939,49.9,0.7
station01,53,2024-09-17 22:11:29,232.8,0.91,143.7,0.94,49.9,0.68
station01,54,2024-09-17 22:11:44,232.9,1.0,172.2,0.941,49.9,0.74
station01,55,2024-09-17 22:11:59,232.9,0.91,143.7,0.941,49.9,0.68
station01,56,2024-09-17 22:12:14,232.8,0.97,163.0,0.942,50.0,0.72
station01,57,2024-09-17 22:12:29,233.1,0.92,147.3,0.943,50.0,0.69
station01,58,2024-09-17 22:12:44,233.1,1.06,187.6,0.943,50.0,0.76
station01,59,2024-09-17 22:12:59,233.1,0.97,160.7,0.944,50.0,0.71
station01,60,2024-09-17 22:13:14,233.0,1.02,178.1,0.945,50.0,0.75
station01,61,2024-09-17 22:13:30,233.5,0.91,145.9,0.946,50.0,0.68
station01,62,2024-09-17 22:13:45,233.6,0.94,152.6,0.946,50.0,0.7
station01,63,2024-09-17 22:14:00,233.9,0.91,146.5,0.947,50.0,0.69
station01,64,2024-09-17 22:14:15,233.8,1.02,178.0,0.948,50.0,0.75
station01,65,2024-09-17 22:14:30,233.5,0.91,145.5,0.948,50.0,0.68
station01,66,2024-09-17 22:14:45,233.6,0.97,159.9,0.949,50.0,0.71
station01,67,2024-09-17 22:15:00,233.4,0.97,164.7,0.95,50.0,0.72
station01,68,2024-09-17 22:15:15,233.3,1.13,210.7,0.95,50.0,0.8
station01,69,2024-09-17 22:15:30,233.3,0.91,145.5,0.952,50.0,0.68
station01,70,2024-09-17 22:15:45,233.4,1.02,175.4,0.952,50.0,0.74
station01,71,2024-09-17 22:16:00,233.3,0.97,165.8,0.953,50.0,0.73
station01,72,2024-09-17 22:16:15,233.1,2.02,328.5,0.954,50.0,0.7
station01,73,2024-09-17 22:16:30,233.4,0.92,147.0,0.955,50.0,0.69
station01,74,2024-09-17 22:16:46,233.2,1.09,197.4,0.956,50.0,0.78
station01,75,2024-09-17 22:17:01,233.4,1.09,192.5,0.956,50.0,0.76
station01,76,2024-09-17 22:17:16,233.1,1.13,208.6,0.958,50.0,0.79
station01,77,2024-09-17 22:17:31,233.2,0.9,144.3,0.958,49.9,0.69
station01,78,2024-09-17 22:17:46,233.3,1.97,312.3,0.959,50.0,0.68
station01,79,2024-09-17 22:18:01,233.3,0.9,144.7,0.96,49.9,0.69
station01,80,2024-09-17 22:18:16,233.0,1.88,296.0,0.961,50.0,0.67
station01,81,2024-09-17 22:18:31,233.0,0.91,150.1,0.962,49.9,0.7
station01,82,2024-09-17 22:18:46,232.9,1.98,322.3,0.963,50.0,0.7
station01,83,2024-09-17 22:19:01,233.5,0.95,158.4,0.964,50.0,0.71
station01,84,2024-09-17 22:19:16,233.6,1.08,198.3,0.965,50.0,0.78
station01,85,2024-09-17 22:19:31,233.7,0.95,158.6,0.965,50.0,0.71
station01,86,2024-09-17 22:19:47,233.5,0.91,145.9,0.966,50.0,0.69
station01,87,2024-09-17 22:20:02,233.5,1.08,179.1,0.967,49.9,0.71
station01,88,2024-09-17 22:20:17,233.6,1.01,174.5,0.968,49.9,0.74
station01,89,2024-09-17 22:20:32,233.8,1.0,170.9,0.969,50.0,0.73
station01,90,2024-09-17 22:20:47,233.6,0.93,149.8,0.969,50.0,0.69
station01,91,2024-09-17 22:21:02,233.4,2.02,331.3,0.97,50.0,0.7
station01,92,2024-09-17 22:21:17,233.5,1.14,214.0,0.971,50.0,0.8
station01,93,2024-09-17 22:21:32,233.6,0.91,143.9,0.972,49.9,0.68
station01,94,2024-09-17 22:21:47,233.2,0.9,146.0,0.973,49.8,0.69
station01,95,2024-09-17 22:22:02,232.9,1.96,321.6,0.974,49.8,0.7
station01,96,2024-09-17 22:22:17,233.4,0.95,155.2,0.975,49.8,0.7
station01,97,2024-09-17 22:22:32,233.5,0.91,147.1,0.975,49.9,0.69
station01,98,2024-09-17 22:22:47,233.4,0.92,145.7,0.976,49.8,0.68
station01,99,2024-09-17 22:23:03,233.1,1.58,279.3,0.977,49.8,0.76
station01,100,2024-09-17 22:23:18,233.4,1.07,190.5,0.978,49.8,0.76
station01,101,2024-09-17 22:23:33,233.0,0.92,150.4,0.979,49.8,0.7
station01,102,2024-09-17 22:23:48,233.1,1.92,297.9,0.98,49.8,0.66
station01,103,2024-09-17 22:24:03,233.4,1.0,171.7,0.98,49.8,0.73
station01,104,2024-09-17 22:24:18,233.1,0.91,143.6,0.981,49.8,0.68
station01,105,2024-09-17 22:24:33,233.0,0.96,161.3,0.982,49.8,0.72
station01,106,2024-09-17 22:24:48,233.1,1.14,187.5,0.983,49.8,0.7
station01,107,2024-09-17 22:25:03,233.3,1.06,187.1,0.984,49.8,0.76
station01,108,2024-09-17 22:25:18,233.1,0.97,161.6,0.984,49.8,0.72
station01,109,2024-09-17 22:25:33,233.0,1.98,325.3,0.985,49.9,0.71
station01,110,2024-09-17 22:25:48,233.6,0.91,145.9,0.986,49.9,0.68
station01,111,2024-09-17 22:26:04,233.5,0.99,169.0,0.987,49.9,0.73
station01,112,2024-09-17 22:26:19,233.4,0.98,165.8,0.988,49.9,0.73
station01,113,2024-09-17 22:26:34,233.3,1.97,321.8,0.989,49.9,0.7
station01,114,2024-09-17 22:26:49,233.8,0.91,145.6,0.99,49.8,0.68
station01,115,2024-09-17 22:27:04,233.7,1.07,193.2,0.99,49.9,0.77
station01,116,2024-09-17 22:27:19,233.6,1.11,202.9,0.991,49.9,0.78
station01,117,2024-09-17 22:27:34,233.2,1.8,318.7,0.992,49.8,0.76
station01,118,2024-09-17 22:27:49,233.3,0.92,145.7,0.993,49.8,0.68
station01,119,2024-09-17 22:28:04,233.0,1.0,174.5,0.994,49.8,0.75
station01,120,2024-09-17 22:28:19,233.0,1.88,290.6,0.995,49.8,0.66
station01,121,2024-09-17 22:28:34,233.2,0.93,152.6,0.996,49.8,0.7
station01,122,2024-09-17 22:28:49,233.4,0.92,146.4,0.996,49.8,0.68
station01,123,2024-09-17 22:29:04,233.2,1.08,195.5,0.997,49.8,0.78
station01,124,2024-09-17 22:29:20,232.9,1.51,253.1,0.998,49.8,0.72
station01,125,2024-09-17 22:29:35,233.4,0.97,164.1,0.999,49.8,0.73
station01,126,2024-09-17 22:29:50,233.4,0.9,144.3,0.999,49.8,0.68
station01,127,2024-09-17 22:30:05,233.1,1.92,308.0,1.0,49.8,0.69
station01,128,2024-09-17 22:30:20,233.3,0.91,145.0,1.001,49.8,0.68
station01,129,2024-09-17 22:30:35,233.5,1.01,174.1,1.002,49.8,0.74
station01,130,2024-09-17 22:30:50,233.3,0.91,148.2,1.003,49.8,0.69
station01,131,2024-09-17 22:31:05,233.0,1.94,315.5,1.004,49.8,0.7
station01,132,2024-09-17 22:31:20,233.4,0.96,157.9,1.005,49.8,0.71
station01,133,2024-09-17 22:31:35,233.1,1.07,196.2,1.005,49.8,0.78
station01,134,2024-09-17 22:31:50,233.2,1.91,293.5,1.006,49.8,0.66
station01,135,2024-09-17 22:32:05,233.5,0.92,146.6,1.007,49.8,0.69
station01,136,2024-09-17 22:32:21,233.7,0.94,153.8,1.008,49.8,0.7
station01,137,2024-09-17 22:32:36,233.3,1.01,175.1,1.009,49.8,0.74
station01,138,2024-09-17 22:32:51,232.8,1.04,166.7,1.01,49.8,0.69
station01,139,2024-09-17 22:33:06,233.6,0.93,150.5,1.01,49.9,0.69
station01,140,2024-09-17 22:33:21,233.6,1.01,176.9,1.011,49.8,0.75
station01,141,2024-09-17 22:33:36,233.5,2.08,359.2,1.012,49.9,0.74
station01,142,2024-09-17 22:33:51,234.0,0.91,143.9,1.013,49.9,0.68
station01,143,2024-09-17 22:34:06,233.9,1.0,169.5,1.014,49.8,0.73
station01,144,2024-09-17 22:34:21,234.1,1.0,173.2,1.014,49.8,0.74
station01,145,2024-09-17 22:34:36,233.9,0.95,156.4,1.016,49.8,0.7
station01,146,2024-09-17 22:34:51,234.1,0.92,146.9,1.016,49.8,0.68
station01,147,2024-09-17 22:35:06,233.4,1.03,182.3,1.017,49.8,0.75
station01,148,2024-09-17 22:35:21,233.3,2.02,340.9,1.018,49.8,0.72
station01,149,2024-09-17 22:35:37,233.8,1.08,191.8,1.019,49.8,0.76
station01,150,2024-09-17 22:35:52,233.5,0.92,149.7,1.02,49.8,0.7
station01,151,2024-09-17 22:36:07,233.4,1.66,258.6,1.02,49.8,0.67
station01,152,2024-09-17 22:36:22,233.6,0.91,147.6,1.021,49.8,0.69
station01,153,2024-09-17 22:36:37,233.5,1.02,176.9,1.022,49.8,0.74
station01,154,2024-09-17 22:36:52,233.6,0.95,160.4,1.023,49.8,0.73
station01,155,2024-09-17 22:37:07,233.4,1.92,301.0,1.024,49.8,0.67
station01,156,2024-09-17 22:37:22,233.7,0.99,168.7,1.025,49.8,0.73
station01,157,2024-09-17 22:37:37,233.4,1.13,211.0,1.025,49.8,0.8
station01,158,2024-09-17 22:37:52,233.7,1.01,174.8,1.026,49.8,0.74
station01,159,2024-09-17 22:38:07,233.9,0.91,146.2,1.027,49.8,0.69
station01,160,2024-09-17 22:38:22,234.0,1.93,311.1,1.028,49.9,0.69
station01,161,2024-09-17 22:38:38,234.3,0.99,166.5,1.029,49.9,0.72
station01,162,2024-09-17 22:38:53,234.1,0.91,147.2,1.029,49.9,0.69
station01,163,2024-09-17 22:39:08,234.2,1.26,193.3,1.03,49.9,0.66
station01,164,2024-09-17 22:39:23,234.2,1.05,190.5,1.031,49.9,0.77
station01,165,2024-09-17 22:39:38,234.5,1.11,203.3,1.032,49.9,0.78
station01,166,2024-09-17 22:39:53,234.1,0.9,145.2,1.033,49.9,0.69
station01,167,2024-09-17 22:40:08,233.9,1.82,285.4,1.034,49.9,0.67
station01,168,2024-09-17 22:40:23,234.4,1.01,174.4,1.034,49.9,0.74
station01,169,2024-09-17 22:40:38,234.0,0.92,145.8,1.035,49.9,0.68
station01,170,2024-09-17 22:40:53,233.9,0.93,151.2,1.036,49.8,0.69
station01,171,2024-09-17 22:41:08,234.0,0.99,166.9,1.037,49.8,0.72
station01,172,2024-09-17 22:41:23,233.4,1.09,196.3,1.037,49.8,0.77
station01,173,2024-09-17 22:41:38,233.2,1.01,173.3,1.038,49.8,0.73
station01,174,2024-09-17 22:41:54,233.4,0.96,161.8,1.039,49.8,0.72
station01,175,2024-09-17 22:42:09,233.6,0.91,146.0,1.039,49.8,0.68
station01,176,2024-09-17 22:42:24,233.8,0.98,161.9,1.04,49.8,0.71
station01,177,2024-09-17 22:42:39,233.8,0.91,145.0,1.041,49.8,0.68
station01,178,2024-09-17 22:42:54,233.6,1.0,172.2,1.041,49.8,0.74
station01,179,2024-09-17 22:43:09,233.5,0.93,148.5,1.042,49.8,0.69
station01,180,2024-09-17 22:43:24,233.5,1.02,180.0,1.043,49.8,0.75
station01,181,2024-09-17 22:43:39,233.6,0.96,158.5,1.044,49.8,0.71
station01,182,2024-09-17 22:43:54,233.3,1.07,193.5,1.044,49.8,0.78
station01,183,2024-09-17 22:44:09,233.5,0.92,146.1,1.045,49.8,0.68
station01,184,2024-09-17 22:44:24,233.5,1.01,174.3,1.046,49.8,0.74
station01,185,2024-09-17 22:44:39,233.5,0.94,152.4,1.046,49.8,0.69
station01,186,2024-09-17 22:44:55,233.6,1.02,175.7,1.047,49.7,0.74
station01,187,2024-09-17 22:45:10,233.7,0.91,145.9,1.048,49.8,0.68
station01,188,2024-09-17 22:45:25,233.4,1.09,197.4,1.048,49.8,0.78
station01,189,2024-09-17 22:45:40,233.5,1.06,186.0,1.049,49.8,0.75
station01,190,2024-09-17 22:45:55,233.5,1.14,212.0,1.05,49.8,0.8
station01,191,2024-09-17 22:46:10,233.4,0.91,144.1,1.05,49.8,0.68
station01,192,2024-09-17 22:46:25,233.5,1.0,170.0,1.051,49.7,0.73
station01,193,2024-09-17 22:46:40,233.6,0.91,144.1,1.052,49.8,0.68
station01,194,2024-09-17 22:46:55,233.6,0.97,164.8,1.052,49.8,0.73
station01,195,2024-09-17 22:47:10,233.6,0.92,147.2,1.053,49.8,0.68
station01,196,2024-09-17 22:47:25,233.5,1.04,183.1,1.054,49.8,0.75
station01,197,2024-09-17 22:47:40,233.5,0.96,159.5,1.055,49.8,0.71
station01,198,2024-09-17 22:47:55,233.6,1.02,180.5,1.055,49.8,0.75
station01,199,2024-09-17 22:48:11,233.8,0.93,149.4,1.056,49.9,0.69
station01,200,2024-09-17 22:48:26,233.8,0.94,151.7,1.057,49.9,0.69
station01,201,2024-09-17 22:48:41,233.8,0.92,147.3,1.057,49.8,0.69
station03,1,2024-09-17 23:03:16,233.7,0.45,58.6,0.073,49.8,0.56
station03,2,2024-09-17 23:03:32,233.7,0.45,59.0,0.073,49.8,0.56
station03,3,2024-09-17 23:03:47,233.7,0.45,58.8,0.073,49.9,0.56
station03,4,2024-09-17 23:04:02,233.8,0.45,58.8,0.073,49.9,0.56
station03,5,2024-09-17 23:04:17,233.8,0.45,59.0,0.074,49.9,0.56
station03,6,2024-09-17 23:04:32,233.7,0.45,58.9,0.074,49.8,0.56
station03,7,2024-09-17 23:04:47,233.4,0.45,59.2,0.074,49.8,0.56
station03,8,2024-09-17 23:05:02,233.3,0.45,59.1,0.074,49.8,0.56
station03,9,2024-09-17 23:05:17,233.4,0.45,59.5,0.075,49.8,0.56
station03,10,2024-09-17 23:05:32,233.2,0.45,59.2,0.075,49.8,0.56
station03,11,2024-09-17 23:05:47,233.1,0.45,59.1,0.075,49.8,0.56
station03,12,2024-09-17 23:06:02,233.1,0.45,59.1,0.075,49.8,0.56
station03,13,2024-09-17 23:06:17,233.2,0.45,59.4,0.076,49.8,0.56
station03,14,2024-09-17 23:06:32,233.4,0.45,59.2,0.076,49.8,0.56
station03,15,2024-09-17 23:06:47,233.4,0.45,59.2,0.076,49.8,0.56
station03,16,2024-09-17 23:07:03,233.6,0.45,59.2,0.076,49.9,0.56
station03,17,2024-09-17 23:07:18,233.6,0.45,59.3,0.077,49.9,0.56
station03,18,2024-09-17 23:07:33,233.5,0.45,59.3,0.077,49.9,0.56
station03,19,2024-09-17 23:07:48,233.5,0.45,59.5,0.077,49.8,0.56
station03,20,2024-09-17 23:08:03,233.4,0.45,59.3,0.077,49.9,0.56
station03,21,2024-09-17 23:08:18,233.3,0.45,59.2,0.078,49.8,0.56
station03,22,2024-09-17 23:08:33,233.3,0.45,59.2,0.078,49.8,0.56
station03,23,2024-09-17 23:08:48,232.9,0.45,59.3,0.078,49.8,0.56
station03,24,2024-09-17 23:09:03,232.9,0.45,59.2,0.078,49.8,0.56
station03,25,2024-09-17 23:09:18,232.9,0.45,59.4,0.079,49.8,0.56
station03,26,2024-09-17 23:09:33,232.9,0.45,59.2,0.079,49.8,0.56
station03,27,2024-09-17 23:09:48,232.9,0.45,59.3,0.079,49.9,0.56
station03,28,2024-09-17 23:10:03,232.8,0.45,59.2,0.079,49.8,0.56
station03,29,2024-09-17 23:10:18,232.7,0.45,59.3,0.08,49.8,0.56
station03,30,2024-09-17 23:10:33,232.9,0.45,59.3,0.08,49.9,0.56
station03,31,2024-09-17 23:10:49,233.0,0.45,59.2,0.08,49.9,0.56
station03,32,2024-09-17 23:11:04,233.0,0.45,59.2,0.08,49.9,0.56
station03,33,2024-09-17 23:11:19,233.0,0.45,59.3,0.081,49.9,0.56
station03,34,2024-09-17 23:11:34,233.1,0.45,59.3,0.081,49.9,0.56
station03,35,2024-09-17 23:11:49,233.1,0.45,59.3,0.081,49.9,0.56
station03,36,2024-09-17 23:12:04,233.1,0.45,59.2,0.081,49.9,0.56
station03,37,2024-09-17 23:12:19,233.3,0.45,59.4,0.082,50.0,0.56
station03,38,2024-09-17 23:12:34,233.3,0.45,59.2,0.082,50.0,0.56
station03,39,2024-09-17 23:12:49,233.4,0.45,59.2,0.082,50.0,0.56
station03,40,2024-09-17 23:13:04,233.3,0.45,59.3,0.082,50.0,0.56
station03,41,2024-09-17 23:13:19,233.7,0.46,59.4,0.083,50.0,0.56
station03,42,2024-09-17 23:13:34,233.9,0.45,59.3,0.083,50.0,0.56
station03,43,2024-09-17 23:13:49,233.9,0.45,59.3,0.083,50.0,0.56
station03,44,2024-09-17 23:14:04,234.0,0.45,59.2,0.083,50.0,0.56
station03,45,2024-09-17 23:14:20,234.0,0.46,59.5,0.084,50.0,0.56
station03,46,2024-09-17 23:14:35,233.7,0.46,59.3,0.084,50.0,0.56
station03,47,2024-09-17 23:14:50,233.8,0.46,59.3,0.084,50.0,0.56
station03,48,2024-09-17 23:15:05,233.3,1.75,219.4,0.085,50.0,0.54
station03,49,2024-09-17 23:15:20,233.4,0.45,59.4,0.085,50.0,0.57
station03,50,2024-09-17 23:15:35,233.7,0.46,59.3,0.085,50.0,0.56
station03,51,2024-09-17 23:15:50,233.7,0.46,59.3,0.086,50.0,0.56
station03,52,2024-09-17 23:16:05,233.7,0.45,59.7,0.086,50.0,0.57
station03,53,2024-09-17 23:16:20,233.6,0.45,59.7,0.087,50.0,0.57
station03,54,2024-09-17 23:16:35,233.7,0.46,59.3,0.087,50.0,0.56
station03,55,2024-09-17 23:16:50,233.3,1.69,218.5,0.087,50.0,0.55
station03,56,2024-09-17 23:17:05,233.5,0.45,59.4,0.088,50.0,0.56
station03,57,2024-09-17 23:17:20,233.6,0.46,59.6,0.088,50.0,0.56
station03,58,2024-09-17 23:17:35,233.5,0.66,87.7,0.089,50.0,0.57
station03,59,2024-09-17 23:17:51,233.2,1.65,216.7,0.089,50.0,0.56
station03,60,2024-09-17 23:18:06,233.4,0.44,59.4,0.09,50.0,0.57
station03,61,2024-09-17 23:18:21,233.3,0.45,59.3,0.09,50.0,0.57
station03,62,2024-09-17 23:18:36,233.4,0.45,59.2,0.091,49.9,0.57
station03,63,2024-09-17 23:18:51,233.5,0.45,59.6,0.091,49.9,0.57
station03,64,2024-09-17 23:19:06,233.9,0.45,59.4,0.091,50.0,0.56
station03,65,2024-09-17 23:19:21,234.0,0.45,59.2,0.092,50.0,0.56
station03,66,2024-09-17 23:19:36,233.8,1.71,215.4,0.092,50.0,0.54
station03,67,2024-09-17 23:19:51,233.8,0.45,59.6,0.093,50.0,0.57
station03,68,2024-09-17 23:20:06,233.9,0.45,59.5,0.093,50.0,0.57
station03,69,2024-09-17 23:20:21,233.8,0.46,59.4,0.093,49.9,0.55
station03,70,2024-09-17 23:20:36,233.9,0.46,59.5,0.093,50.0,0.56
station03,71,2024-09-17 23:20:51,233.6,1.64,213.5,0.094,50.0,0.56
station03,72,2024-09-17 23:21:06,233.8,0.45,59.4,0.094,50.0,0.57
station03,73,2024-09-17 23:21:21,234.0,0.46,59.5,0.094,50.0,0.55
station03,74,2024-09-17 23:21:37,233.7,0.46,59.6,0.095,49.9,0.55
station03,75,2024-09-17 23:21:52,233.6,0.45,59.4,0.095,49.8,0.56
station03,76,2024-09-17 23:22:07,233.5,0.45,59.5,0.096,49.8,0.56
station03,77,2024-09-17 23:22:22,233.5,0.46,59.6,0.096,49.8,0.55
station03,78,2024-09-17 23:22:37,233.6,1.71,213.5,0.096,49.8,0.53
station03,79,2024-09-17 23:22:52,233.3,0.45,59.5,0.097,49.8,0.57
station03,80,2024-09-17 23:23:07,233.7,0.45,59.5,0.097,49.8,0.57
station03,81,2024-09-17 23:23:22,233.7,0.46,59.6,0.097,49.8,0.56
station03,82,2024-09-17 23:23:37,233.3,0.45,60.0,0.098,49.8,0.57
station03,83,2024-09-17 23:23:52,233.2,0.45,59.4,0.098,49.8,0.57
station03,84,2024-09-17 23:24:07,233.6,0.46,59.5,0.099,49.8,0.56
station03,85,2024-09-17 23:24:22,233.1,1.71,212.7,0.099,49.8,0.53
station03,86,2024-09-17 23:24:37,233.2,0.45,59.5,0.1,49.8,0.57
station03,87,2024-09-17 23:24:52,233.3,0.45,59.6,0.1,49.8,0.57
station03,88,2024-09-17 23:25:08,233.5,0.46,59.6,0.1,49.8,0.55
station03,89,2024-09-17 23:25:23,233.0,1.69,216.1,0.101,49.9,0.55
station03,90,2024-09-17 23:25:38,233.7,0.45,59.2,0.101,49.9,0.56
station03,91,2024-09-17 23:25:53,233.8,0.46,59.5,0.101,49.9,0.55
station03,92,2024-09-17 23:26:08,233.8,0.46,59.5,0.102,49.9,0.56
station03,93,2024-09-17 23:26:23,233.4,1.5,195.2,0.102,49.8,0.56
station03,94,2024-09-17 23:26:38,233.6,0.45,59.3,0.102,49.9,0.57
station03,95,2024-09-17 23:26:53,234.0,0.45,59.3,0.103,49.9,0.56
station03,96,2024-09-17 23:27:08,233.7,1.72,212.5,0.103,49.9,0.53
station03,97,2024-09-17 23:27:23,233.7,0.45,59.3,0.104,49.8,0.57
station03,98,2024-09-17 23:27:38,233.7,0.45,59.5,0.104,49.8,0.57
station03,99,2024-09-17 23:27:53,233.5,0.46,59.3,0.104,49.8,0.56
station03,100,2024-09-17 23:28:08,233.1,1.44,187.3,0.105,49.8,0.56
station03,101,2024-09-17 23:28:23,233.2,0.45,59.3,0.105,49.8,0.57
station03,102,2024-09-17 23:28:39,233.4,0.46,59.4,0.105,49.8,0.56
station03,103,2024-09-17 23:28:54,233.3,1.68,209.1,0.106,49.8,0.53
station03,104,2024-09-17 23:29:09,233.3,0.45,59.5,0.106,49.8,0.57
station03,105,2024-09-17 23:29:24,233.5,0.45,59.4,0.107,49.8,0.56
station03,106,2024-09-17 23:29:39,233.6,0.46,59.6,0.107,49.8,0.56
station03,107,2024-09-17 23:29:54,233.3,1.61,210.5,0.108,49.8,0.56
station03,108,2024-09-17 23:30:09,233.5,0.45,59.6,0.108,49.8,0.56
station03,109,2024-09-17 23:30:24,233.5,0.46,59.2,0.108,49.8,0.55
station03,110,2024-09-17 23:30:39,233.7,0.46,59.3,0.108,49.8,0.55
station03,111,2024-09-17 23:30:54,233.6,0.45,59.2,0.109,49.8,0.56
station03,112,2024-09-17 23:31:09,233.5,0.45,59.3,0.109,49.8,0.56
station03,113,2024-09-17 23:31:24,233.6,0.46,60.2,0.109,49.8,0.55
station03,114,2024-09-17 23:31:39,233.1,1.68,208.8,0.11,49.8,0.53
station03,115,2024-09-17 23:31:54,233.5,0.45,59.3,0.111,49.8,0.56
station03,116,2024-09-17 23:32:10,233.8,0.46,59.2,0.111,49.8,0.55
station03,117,2024-09-17 23:32:25,233.6,1.67,207.2,0.111,49.8,0.53
station03,118,2024-09-17 23:32:40,233.3,0.45,59.6,0.112,49.8,0.57
station03,119,2024-09-17 23:32:55,233.5,0.45,59.3,0.112,49.8,0.56
station03,120,2024-09-17 23:33:10,234.0,0.46,59.3,0.112,49.8,0.55
station03,121,2024-09-17 23:33:25,233.6,1.6,207.8,0.113,49.8,0.56
station03,122,2024-09-17 23:33:40,233.9,0.45,59.6,0.113,49.9,0.57
station03,123,2024-09-17 23:33:55,234.2,0.46,59.3,0.113,49.8,0.56
station03,124,2024-09-17 23:34:10,233.9,1.65,206.7,0.114,49.8,0.53
station03,125,2024-09-17 23:34:25,234.2,0.44,59.3,0.114,49.8,0.57
station03,126,2024-09-17 23:34:40,234.2,0.46,59.4,0.115,49.8,0.55
station03,127,2024-09-17 23:34:55,234.3,0.46,59.2,0.115,49.8,0.55
station03,128,2024-09-17 23:35:10,233.5,1.5,195.9,0.115,49.8,0.56
station03,129,2024-09-17 23:35:25,233.7,0.45,59.3,0.116,49.8,0.57
station03,130,2024-09-17 23:35:41,234.0,0.46,59.5,0.116,49.8,0.55
station03,131,2024-09-17 23:35:56,233.4,1.66,207.3,0.117,49.8,0.54
station03,132,2024-09-17 23:36:11,233.6,0.45,59.5,0.117,49.8,0.57
station03,133,2024-09-17 23:36:26,233.8,0.46,59.3,0.117,49.8,0.56
station03,134,2024-09-17 23:36:41,233.8,0.46,59.7,0.118,49.8,0.55
station03,135,2024-09-17 23:36:56,233.9,0.45,59.4,0.118,49.8,0.56
station03,136,2024-09-17 23:37:11,233.6,0.45,59.3,0.118,49.8,0.56
station03,137,2024-09-17 23:37:26,234.2,0.46,59.3,0.119,49.8,0.55
station03,138,2024-09-17 23:37:41,233.7,0.46,59.6,0.119,49.8,0.55
station03,139,2024-09-17 23:37:56,234.0,0.46,59.4,0.119,49.8,0.55
station03,140,2024-09-17 23:38:11,234.1,1.63,210.6,0.12,49.8,0.55
station03,141,2024-09-17 23:38:26,234.4,0.45,59.4,0.12,49.9,0.56
station03,142,2024-09-17 23:38:41,234.5,0.46,59.6,0.12,49.9,0.55
station03,143,2024-09-17 23:38:56,234.2,1.66,207.9,0.121,49.8,0.53
station03,144,2024-09-17 23:39:11,234.4,0.45,59.4,0.121,49.9,0.56
station03,145,2024-09-17 23:39:27,234.7,0.46,59.4,0.122,49.9,0.55
station03,146,2024-09-17 23:39:42,234.7,0.46,59.5,0.122,49.9,0.55
station03,147,2024-09-17 23:39:57,234.5,0.45,59.4,0.122,49.9,0.56
station03,148,2024-09-17 23:40:12,234.2,0.45,59.7,0.123,49.9,0.56
station03,149,2024-09-17 23:40:27,234.5,0.46,59.3,0.123,49.9,0.55
station03,150,2024-09-17 23:40:42,234.2,0.46,59.6,0.123,49.8,0.55
station03,151,2024-09-17 23:40:57,234.1,0.46,59.7,0.124,49.9,0.55
station02,1,2024-09-17 23:01:58,234.0,0.45,58.3,0.659,49.9,0.55
station02,2,2024-09-17 23:02:13,233.8,0.45,57.9,0.659,49.9,0.55
station02,3,2024-09-17 23:02:28,233.7,0.45,58.0,0.659,49.8,0.55
station02,4,2024-09-17 23:02:43,233.6,0.45,58.2,0.659,49.9,0.55
station02,5,2024-09-17 23:02:58,233.6,0.45,57.8,0.66,49.9,0.55
station02,6,2024-09-17 23:03:13,233.4,0.45,58.1,0.66,49.8,0.55
station02,7,2024-09-17 23:03:28,233.4,0.45,57.9,0.66,49.9,0.55
station02,8,2024-09-17 23:03:43,233.4,0.45,57.9,0.66,49.9,0.55
station02,9,2024-09-17 23:03:58,233.5,0.45,57.7,0.661,49.9,0.55
station02,10,2024-09-17 23:04:13,233.5,0.45,57.9,0.661,49.9,0.55
station02,11,2024-09-17 23:04:28,233.3,0.45,57.9,0.661,49.9,0.55
station02,12,2024-09-17 23:04:44,233.1,0.45,58.1,0.661,49.8,0.55
station02,13,2024-09-17 23:04:59,233.1,0.45,57.7,0.662,49.8,0.55
station02,14,2024-09-17 23:05:14,233.2,0.45,58.1,0.662,49.8,0.55
station02,15,2024-09-17 23:05:29,232.9,0.45,58.2,0.662,49.8,0.55
station02,16,2024-09-17 23:05:44,232.9,0.45,57.9,0.662,49.8,0.55
station02,17,2024-09-17 23:05:59,232.9,0.45,58.0,0.662,49.8,0.55
station02,18,2024-09-17 23:06:14,233.0,0.45,58.0,0.663,49.8,0.55
station02,19,2024-09-17 23:06:29,233.1,0.45,57.9,0.663,49.8,0.55
station02,20,2024-09-17 23:06:44,233.1,0.45,57.7,0.663,49.9,0.55
station02,21,2024-09-17 23:06:59,233.2,0.45,57.9,0.664,49.9,0.55
station02,22,2024-09-17 23:07:14,233.3,0.45,58.0,0.664,49.9,0.55
station02,23,2024-09-17 23:07:29,233.2,0.45,57.6,0.664,49.9,0.55
station02,24,2024-09-17 23:07:44,233.2,0.45,57.6,0.664,49.8,0.55
station02,25,2024-09-17 23:07:59,233.2,0.45,58.1,0.664,49.8,0.55
station02,26,2024-09-17 23:08:14,233.1,0.45,57.8,0.665,49.8,0.55
station02,27,2024-09-17 23:08:29,232.9,0.45,57.7,0.665,49.8,0.55
station02,28,2024-09-17 23:08:45,232.6,0.45,57.8,0.665,49.8,0.55
station02,29,2024-09-17 23:09:00,232.5,0.45,58.0,0.665,49.8,0.55
station02,30,2024-09-17 23:09:15,232.7,0.45,57.7,0.666,49.8,0.55
station02,31,2024-09-17 23:09:30,232.5,0.45,58.0,0.666,49.8,0.55
station02,32,2024-09-17 23:09:45,232.5,0.45,58.0,0.666,49.8,0.55
station02,33,2024-09-17 23:10:00,232.6,0.45,58.0,0.666,49.8,0.55
station02,34,2024-09-17 23:10:15,232.5,0.45,57.8,0.667,49.8,0.55
station02,35,2024-09-17 23:10:30,232.5,0.45,58.1,0.667,49.9,0.55
station02,36,2024-09-17 23:10:45,232.6,0.45,58.0,0.667,49.9,0.55
station02,37,2024-09-17 23:11:00,232.6,0.45,57.9,0.667,49.9,0.55
station02,38,2024-09-17 23:11:15,232.7,0.45,57.7,0.668,49.9,0.55
station02,39,2024-09-17 23:11:30,232.6,0.45,58.2,0.668,49.9,0.55
station02,40,2024-09-17 23:11:45,232.9,0.45,57.7,0.668,49.9,0.55
station02,41,2024-09-17 23:12:00,232.8,0.45,58.0,0.668,49.9,0.55
station02,42,2024-09-17 23:12:15,232.8,0.45,57.9,0.669,50.0,0.55
station02,43,2024-09-17 23:12:31,233.0,0.45,57.9,0.669,50.0,0.55
station02,44,2024-09-17 23:12:46,233.0,0.45,57.7,0.669,50.0,0.55
station02,45,2024-09-17 23:13:01,233.0,0.45,58.1,0.669,50.0,0.55
station02,46,2024-09-17 23:13:16,233.1,0.45,58.1,0.67,50.0,0.55
station02,47,2024-09-17 23:13:31,233.5,0.45,58.1,0.67,50.0,0.55
station02,48,2024-09-17 23:13:46,233.5,0.45,57.8,0.67,50.0,0.55
station02,49,2024-09-17 23:14:01,233.7,0.45,58.3,0.67,50.0,0.55
station02,50,2024-09-17 23:14:16,233.7,0.45,58.1,0.67,50.0,0.55
station02,51,2024-09-17 23:14:31,233.4,0.45,57.9,0.671,50.0,0.55
station02,52,2024-09-17 23:14:46,233.5,0.45,57.9,0.671,50.0,0.55
station02,53,2024-09-17 23:15:01,233.1,0.45,58.0,0.671,50.0,0.56
station02,54,2024-09-17 23:15:16,233.0,1.43,177.4,0.672,50.0,0.53
station02,55,2024-09-17 23:15:31,233.2,0.45,57.9,0.672,50.0,0.55
station02,56,2024-09-17 23:15:46,233.3,0.45,58.1,0.672,50.0,0.55
station02,57,2024-09-17 23:16:01,233.1,1.63,209.5,0.673,50.0,0.55
station02,58,2024-09-17 23:16:17,233.1,0.45,58.2,0.673,50.0,0.56
station02,59,2024-09-17 23:16:32,233.3,0.45,58.1,0.674,50.0,0.55
station02,60,2024-09-17 23:16:47,233.1,0.45,58.0,0.674,50.0,0.56
station02,61,2024-09-17 23:17:02,232.9,1.63,204.9,0.675,50.0,0.54
station02,62,2024-09-17 23:17:17,233.0,0.45,58.1,0.675,50.0,0.56
station02,63,2024-09-17 23:17:32,232.9,1.11,140.6,0.675,49.9,0.55
station02,64,2024-09-17 23:17:47,233.2,0.45,58.0,0.676,50.0,0.56
station02,65,2024-09-17 23:18:02,233.1,1.61,199.2,0.676,50.0,0.53
station02,66,2024-09-17 23:18:17,233.0,0.45,58.4,0.677,49.9,0.56
station02,67,2024-09-17 23:18:32,232.8,1.58,202.5,0.677,50.0,0.55
station02,68,2024-09-17 23:18:47,232.9,0.45,57.8,0.678,50.0,0.56
station02,69,2024-09-17 23:19:02,233.4,0.45,57.8,0.678,50.0,0.55
station02,70,2024-09-17 23:19:17,233.6,0.45,58.1,0.678,50.0,0.55
station02,71,2024-09-17 23:19:32,233.6,0.45,57.9,0.678,50.0,0.55
station02,72,2024-09-17 23:19:47,233.3,1.6,198.8,0.679,50.0,0.53
station02,73,2024-09-17 23:20:02,233.4,0.45,57.9,0.679,50.0,0.55
station02,74,2024-09-17 23:20:18,233.5,0.46,58.0,0.68,50.0,0.54
station02,75,2024-09-17 23:20:33,233.7,0.45,58.1,0.68,50.0,0.55
station02,76,2024-09-17 23:20:48,233.4,0.45,58.0,0.68,50.0,0.56
station02,77,2024-09-17 23:21:03,233.4,0.68,89.8,0.681,50.0,0.57
station02,78,2024-09-17 23:21:18,233.5,0.45,57.9,0.681,50.0,0.55
station02,79,2024-09-17 23:21:33,233.5,0.46,58.3,0.681,49.9,0.55
station02,80,2024-09-17 23:21:48,233.1,1.57,199.7,0.682,49.8,0.55
station02,81,2024-09-17 23:22:03,232.9,0.45,58.0,0.682,49.8,0.56
station02,82,2024-09-17 23:22:18,233.3,0.46,58.1,0.682,49.8,0.55
station02,83,2024-09-17 23:22:33,233.4,0.45,57.7,0.683,49.8,0.55
station02,84,2024-09-17 23:22:48,233.2,0.46,58.9,0.683,49.8,0.55
station02,85,2024-09-17 23:23:03,233.1,0.45,58.0,0.684,49.8,0.55
station02,86,2024-09-17 23:23:18,233.3,0.46,58.1,0.684,49.8,0.55
station02,87,2024-09-17 23:23:33,232.9,1.56,197.8,0.684,49.8,0.54
station02,88,2024-09-17 23:23:48,233.0,0.45,58.2,0.685,49.8,0.55
station02,89,2024-09-17 23:24:04,233.3,0.46,58.0,0.685,49.8,0.54
station02,90,2024-09-17 23:24:19,232.9,0.46,58.1,0.685,49.8,0.55
station02,91,2024-09-17 23:24:34,232.8,1.58,194.4,0.686,49.8,0.53
station02,92,2024-09-17 23:24:49,233.0,0.45,58.2,0.686,49.8,0.56
station02,93,2024-09-17 23:25:04,233.3,0.45,57.9,0.686,49.8,0.55
station02,94,2024-09-17 23:25:19,232.9,0.45,57.7,0.687,49.9,0.56
station02,95,2024-09-17 23:25:34,233.0,0.9,116.8,0.687,49.9,0.56
station02,96,2024-09-17 23:25:49,233.5,0.46,58.2,0.688,49.9,0.55
station02,97,2024-09-17 23:26:04,233.5,0.46,58.1,0.688,49.9,0.55
station02,98,2024-09-17 23:26:19,233.4,0.45,58.1,0.688,49.9,0.56
station02,99,2024-09-17 23:26:34,233.3,0.45,58.6,0.689,49.9,0.56
station02,100,2024-09-17 23:26:49,233.7,0.45,57.9,0.689,49.9,0.55
station02,101,2024-09-17 23:27:04,233.7,0.45,57.7,0.689,49.9,0.54
station02,102,2024-09-17 23:27:19,233.5,1.61,198.8,0.69,49.8,0.53
station02,103,2024-09-17 23:27:34,233.3,0.45,58.2,0.69,49.8,0.56
station02,104,2024-09-17 23:27:49,233.2,0.45,57.9,0.69,49.8,0.55
station02,105,2024-09-17 23:28:05,232.8,1.35,171.7,0.691,49.8,0.55
station02,106,2024-09-17 23:28:20,232.9,0.44,58.1,0.691,49.8,0.56
station02,107,2024-09-17 23:28:35,233.1,0.46,58.4,0.692,49.8,0.55
station02,108,2024-09-17 23:28:50,233.3,0.45,58.0,0.692,49.8,0.55
station02,109,2024-09-17 23:29:05,233.1,1.43,180.6,0.692,49.8,0.54
station02,110,2024-09-17 23:29:20,233.0,0.45,57.8,0.693,49.8,0.56
station02,111,2024-09-17 23:29:35,233.2,0.45,57.7,0.693,49.8,0.55
station02,112,2024-09-17 23:29:50,233.2,0.45,58.1,0.693,49.8,0.56
station02,113,2024-09-17 23:30:05,233.0,1.55,193.4,0.694,49.8,0.54
station02,114,2024-09-17 23:30:20,233.3,0.45,58.0,0.694,49.7,0.55
station02,115,2024-09-17 23:30:35,233.4,0.45,57.9,0.694,49.8,0.55
station02,116,2024-09-17 23:30:50,233.0,1.54,195.0,0.695,49.8,0.54
station02,117,2024-09-17 23:31:05,233.0,0.45,57.8,0.695,49.8,0.56
station02,118,2024-09-17 23:31:20,233.2,0.46,58.2,0.695,49.8,0.54
station02,119,2024-09-17 23:31:35,233.1,0.45,57.9,0.696,49.8,0.55
station02,120,2024-09-17 23:31:51,233.0,1.13,144.5,0.696,49.8,0.55
station02,121,2024-09-17 23:32:06,233.4,0.45,58.1,0.697,49.8,0.55
station02,122,2024-09-17 23:32:21,233.6,0.46,58.4,0.697,49.8,0.55
station02,123,2024-09-17 23:32:36,233.1,1.54,188.9,0.697,49.8,0.53
station02,124,2024-09-17 23:32:51,232.7,0.45,58.3,0.698,49.8,0.56
station02,125,2024-09-17 23:33:06,233.5,0.45,57.9,0.698,49.8,0.54
station02,126,2024-09-17 23:33:21,233.5,0.45,58.1,0.698,49.9,0.56
station02,127,2024-09-17 23:33:36,233.5,0.45,57.9,0.699,49.9,0.55
station02,128,2024-09-17 23:33:51,233.9,0.46,58.3,0.699,49.9,0.55
station02,129,2024-09-17 23:34:06,233.9,0.45,57.9,0.699,49.8,0.55
station02,130,2024-09-17 23:34:21,234.0,0.95,122.8,0.7,49.9,0.55
station02,131,2024-09-17 23:34:36,233.8,0.45,57.7,0.7,49.8,0.55
station02,132,2024-09-17 23:34:51,234.0,0.46,58.4,0.701,49.8,0.55
station02,133,2024-09-17 23:35:06,233.5,0.45,58.1,0.701,49.8,0.56
station02,134,2024-09-17 23:35:21,233.3,0.45,57.8,0.702,49.8,0.56
station02,135,2024-09-17 23:35:36,233.7,0.46,58.2,0.702,49.8,0.54
station02,136,2024-09-17 23:35:52,233.3,0.45,58.4,0.702,49.8,0.56
station02,137,2024-09-17 23:36:07,233.4,1.12,138.3,0.703,49.8,0.53
station02,138,2024-09-17 23:36:22,233.5,0.45,57.9,0.703,49.8,0.55
station02,139,2024-09-17 23:36:37,233.4,0.45,58.1,0.703,49.8,0.55
station02,140,2024-09-17 23:36:52,233.4,1.54,195.8,0.704,49.8,0.54
station02,141,2024-09-17 23:37:07,233.4,0.45,58.2,0.704,49.8,0.55
station02,142,2024-09-17 23:37:22,233.5,0.45,58.0,0.704,49.8,0.55
station02,143,2024-09-17 23:37:37,233.4,0.46,58.3,0.705,49.8,0.55
station02,144,2024-09-17 23:37:52,233.7,0.46,58.1,0.705,49.8,0.55
station02,145,2024-09-17 23:38:07,233.8,0.45,58.5,0.705,49.9,0.56
station02,146,2024-09-17 23:38:22,234.0,0.46,58.8,0.706,49.8,0.55
station02,147,2024-09-17 23:38:37,234.2,0.46,57.9,0.706,49.9,0.54
station02,148,2024-09-17 23:38:52,234.0,0.45,58.0,0.706,49.8,0.55
station02,149,2024-09-17 23:39:07,233.9,1.69,209.8,0.707,49.9,0.53
station02,150,2024-09-17 23:39:22,234.1,0.45,58.4,0.707,49.9,0.55
station02,151,2024-09-17 23:39:38,234.4,0.45,58.0,0.707,49.9,0.54
station02,152,2024-09-17 23:39:53,233.9,1.54,196.4,0.708,49.9,0.54
station02,153,2024-09-17 23:40:08,233.8,0.45,58.2,0.708,49.9,0.56
station02,154,2024-09-17 23:40:23,234.3,0.46,58.2,0.709,49.9,0.54
station04,1,2024-09-17 23:14:12,234.8,0.45,59.7,0.218,50.0,0.57
station04,2,2024-09-17 23:14:27,234.6,0.45,59.6,0.219,50.0,0.57
station04,3,2024-09-17 23:14:43,234.6,0.45,59.9,0.219,50.0,0.57
station04,4,2024-09-17 23:14:58,234.3,1.87,238.2,0.219,50.0,0.54
station04,5,2024-09-17 23:15:13,234.6,0.45,59.9,0.22,50.0,0.56
station04,6,2024-09-17 23:15:28,234.8,0.45,60.0,0.22,50.0,0.57
station04,7,2024-09-17 23:15:43,234.6,0.45,60.2,0.22,50.0,0.57
station04,8,2024-09-17 23:15:58,234.7,0.45,59.9,0.221,50.0,0.57
station04,9,2024-09-17 23:16:13,234.7,0.45,59.7,0.221,50.0,0.57
station04,10,2024-09-17 23:16:28,234.5,0.45,59.7,0.221,50.0,0.57
station04,11,2024-09-17 23:16:43,234.5,0.46,61.5,0.222,50.0,0.57
station04,12,2024-09-17 23:16:58,234.6,0.45,59.8,0.222,50.0,0.57
station04,13,2024-09-17 23:17:13,234.6,0.45,59.8,0.222,50.0,0.57
station04,14,2024-09-17 23:17:28,234.3,0.97,127.5,0.223,49.9,0.56
station04,15,2024-09-17 23:17:44,234.6,0.45,59.4,0.223,50.0,0.57
station04,16,2024-09-17 23:17:59,234.5,0.45,60.0,0.224,50.0,0.57
station04,17,2024-09-17 23:18:14,234.5,0.45,59.6,0.224,49.9,0.57
station04,18,2024-09-17 23:18:29,234.5,0.45,60.0,0.225,50.0,0.57
station04,19,2024-09-17 23:18:44,234.4,0.45,60.0,0.225,50.0,0.57
station04,20,2024-09-17 23:18:59,234.7,0.45,59.8,0.225,50.0,0.57
station04,21,2024-09-17 23:19:14,234.8,0.45,60.1,0.225,50.0,0.57
station04,22,2024-09-17 23:19:29,234.5,1.81,229.1,0.226,50.0,0.54
station04,23,2024-09-17 23:19:44,234.9,0.45,59.7,0.226,50.0,0.57
station04,24,2024-09-17 23:19:59,235.0,0.45,59.9,0.226,50.0,0.57
station04,25,2024-09-17 23:20:14,234.9,0.45,59.8,0.227,49.9,0.56
station04,26,2024-09-17 23:20:29,234.9,0.45,59.9,0.227,50.0,0.57
station04,27,2024-09-17 23:20:45,234.6,1.81,229.5,0.228,50.0,0.54
station04,28,2024-09-17 23:21:00,234.9,0.45,59.7,0.228,50.0,0.56
station04,29,2024-09-17 23:21:15,234.8,0.45,59.9,0.228,50.0,0.57
station04,30,2024-09-17 23:21:30,234.6,0.45,59.5,0.228,49.9,0.56
station04,31,2024-09-17 23:21:45,234.5,0.45,59.7,0.229,49.9,0.57
station04,32,2024-09-17 23:22:00,234.4,0.45,59.7,0.229,49.8,0.57
station04,33,2024-09-17 23:22:15,234.3,0.45,59.9,0.23,49.8,0.57
station04,34,2024-09-17 23:22:30,234.5,0.77,102.4,0.23,49.9,0.57
station04,35,2024-09-17 23:22:45,234.4,0.45,59.8,0.23,49.8,0.56
station04,36,2024-09-17 23:23:00,234.4,0.45,60.1,0.231,49.8,0.56
station04,37,2024-09-17 23:23:15,234.4,0.45,60.0,0.231,49.8,0.57
station04,38,2024-09-17 23:23:30,234.3,0.51,68.9,0.231,49.8,0.58
station04,39,2024-09-17 23:23:46,234.3,0.45,59.8,0.232,49.8,0.56
station04,40,2024-09-17 23:24:01,234.5,0.46,60.1,0.232,49.8,0.56
station04,41,2024-09-17 23:24:16,234.0,1.8,227.1,0.232,49.8,0.54
station04,42,2024-09-17 23:24:31,234.3,0.45,59.8,0.233,49.8,0.56
station04,43,2024-09-17 23:24:46,234.5,0.45,60.0,0.233,49.8,0.56
station04,44,2024-09-17 23:25:01,234.4,0.45,60.1,0.233,49.8,0.56
station04,45,2024-09-17 23:25:16,234.1,1.82,229.7,0.234,49.8,0.54
station04,46,2024-09-17 23:25:31,234.5,0.45,60.0,0.234,49.9,0.56
station04,47,2024-09-17 23:25:46,234.8,0.45,59.9,0.234,49.9,0.56
station04,48,2024-09-17 23:26:01,234.7,0.45,59.7,0.235,49.9,0.56
station04,49,2024-09-17 23:26:16,234.5,1.18,153.0,0.235,49.8,0.55
station04,50,2024-09-17 23:26:31,234.7,0.45,59.9,0.235,49.8,0.56
station04,51,2024-09-17 23:26:47,234.8,0.45,60.0,0.236,49.9,0.57
station04,52,2024-09-17 23:27:02,234.5,1.12,136.4,0.236,49.9,0.52
station04,53,2024-09-17 23:27:17,234.7,0.45,59.7,0.237,49.8,0.56
station04,54,2024-09-17 23:27:32,234.5,0.45,59.9,0.237,49.8,0.56
station04,55,2024-09-17 23:27:47,234.2,0.45,59.9,0.237,49.8,0.56
station04,56,2024-09-17 23:28:02,234.2,0.65,85.9,0.238,49.8,0.56
station04,57,2024-09-17 23:28:17,234.2,0.45,59.9,0.238,49.8,0.56
station04,58,2024-09-17 23:28:32,234.2,0.46,60.0,0.238,49.8,0.56
station04,59,2024-09-17 23:28:47,233.9,1.77,223.1,0.239,49.8,0.54
station04,60,2024-09-17 23:29:02,234.2,0.45,60.0,0.239,49.8,0.56
station04,61,2024-09-17 23:29:17,234.2,0.45,59.9,0.239,49.8,0.56
station04,62,2024-09-17 23:29:33,234.2,0.45,60.0,0.24,49.8,0.56
station04,63,2024-09-17 23:29:48,234.1,1.77,224.1,0.24,49.8,0.54
station04,64,2024-09-17 23:30:03,234.2,0.45,60.0,0.24,49.8,0.56
station04,65,2024-09-17 23:30:18,234.2,0.46,60.1,0.241,49.8,0.56
station04,66,2024-09-17 23:30:33,234.1,0.45,59.6,0.241,49.8,0.56
station04,67,2024-09-17 23:30:48,234.4,0.45,59.7,0.242,49.8,0.56
station04,68,2024-09-17 23:31:03,234.3,0.45,60.0,0.242,49.8,0.56
station04,69,2024-09-17 23:31:18,234.3,0.45,59.9,0.242,49.8,0.56
station04,70,2024-09-17 23:31:33,234.3,0.88,108.3,0.242,49.8,0.53
station04,71,2024-09-17 23:31:48,234.4,0.45,59.9,0.243,49.8,0.56
station04,72,2024-09-17 23:32:03,234.3,0.45,59.8,0.243,49.8,0.56
station04,73,2024-09-17 23:32:18,234.2,1.79,225.8,0.243,49.8,0.54
station04,74,2024-09-17 23:32:34,234.3,0.45,60.1,0.244,49.8,0.56
station04,75,2024-09-17 23:32:49,234.4,0.46,60.0,0.244,49.8,0.56
station04,76,2024-09-17 23:33:04,234.2,0.45,59.9,0.245,49.9,0.56
station04,77,2024-09-17 23:33:19,234.2,1.67,212.5,0.245,49.9,0.54
station04,78,2024-09-17 23:33:34,234.6,0.45,60.1,0.245,49.9,0.56
station04,79,2024-09-17 23:33:49,234.8,0.45,60.0,0.246,49.8,0.56
station04,80,2024-09-17 23:34:04,234.5,1.8,227.1,0.246,49.9,0.54
station04,81,2024-09-17 23:34:19,234.8,0.45,59.8,0.246,49.8,0.56
station04,82,2024-09-17 23:34:34,234.7,0.45,60.1,0.247,49.8,0.56
station04,83,2024-09-17 23:34:49,234.7,0.45,60.1,0.247,49.8,0.56
station04,84,2024-09-17 23:35:04,234.5,1.0,130.4,0.247,49.8,0.56
station04,85,2024-09-17 23:35:19,234.7,0.45,60.1,0.248,49.8,0.56
station04,86,2024-09-17 23:35:35,234.8,0.45,60.0,0.248,49.8,0.56
station04,87,2024-09-17 23:35:50,234.7,0.91,112.9,0.248,49.8,0.53
station04,88,2024-09-17 23:36:05,234.6,0.45,59.7,0.249,49.8,0.56
station04,89,2024-09-17 23:36:20,234.9,0.45,60.0,0.249,49.8,0.56
station04,90,2024-09-17 23:36:35,234.6,0.45,59.4,0.249,49.8,0.56
station04,91,2024-09-17 23:36:50,234.9,0.45,59.7,0.25,49.8,0.56
station04,92,2024-09-17 23:37:05,234.7,0.45,59.9,0.25,49.8,0.56
station04,93,2024-09-17 23:37:20,234.7,0.45,59.9,0.25,49.8,0.56
station04,94,2024-09-17 23:37:35,234.8,0.45,59.8,0.251,49.8,0.56
station04,95,2024-09-17 23:37:50,234.6,0.45,59.8,0.251,49.9,0.56
station04,96,2024-09-17 23:38:05,234.7,1.71,217.3,0.252,49.8,0.54
station04,97,2024-09-17 23:38:20,235.1,0.45,59.8,0.252,49.8,0.56
station04,98,2024-09-17 23:38:36,235.1,0.45,59.9,0.252,49.9,0.56
station04,99,2024-09-17 23:38:51,234.8,1.52,192.6,0.252,49.8,0.54
station04,100,2024-09-17 23:39:06,235.2,0.45,60.0,0.253,49.9,0.56
station04,101,2024-09-17 23:39:21,235.2,0.45,59.9,0.253,49.9,0.56
station04,102,2024-09-17 23:39:36,235.3,0.65,79.7,0.253,49.9,0.52
station04,103,2024-09-17 23:39:51,235.3,0.45,59.8,0.254,49.9,0.56
station04,104,2024-09-17 23:40:06,235.1,0.45,59.9,0.254,49.9,0.56
station04,105,2024-09-17 23:40:21,235.1,0.45,59.8,0.254,49.9,0.56
